CREATE DATABASE QLBHX
GO
USE QLBHX 
GO
--Bảng Nhà Cung Cấp 
CREATE TABLE NHACC (
    MANCC VARCHAR(10) PRIMARY KEY,
    TENNCC NVARCHAR(50) NOT NULL,
    DIACHINCC VARCHAR(100) NOT NULL,
    PHONE VARCHAR(20) NOT NULL
);
-- Bảng Sản Phẩm
CREATE TABLE SANPHAM (
    MASP VARCHAR(10) PRIMARY KEY,
    TENSP NVARCHAR(50) NOT NULL,
    GIA DECIMAL(18,0) NOT NULL, --Nhập kiểu 1000000
    SOLUONG INT NOT NULL,
    MANCC VARCHAR(10) NOT NULL,
    CONSTRAINT FK_SANPHAM_MANCC FOREIGN KEY (MANCC) REFERENCES NHACC(MANCC)
);
-- Bảng Khách Hàng
CREATE TABLE KHACHHANG (
    MAKH VARCHAR(10) PRIMARY KEY,
    TENKH NVARCHAR(50) NOT NULL,
    DIACHIKH VARCHAR(100) NOT NULL,
    PHONE VARCHAR(20) NOT NULL
);
-- Bảng Hóa Đơn
CREATE TABLE HOADON (
    MAHD VARCHAR(10) PRIMARY KEY,
    MAKH VARCHAR(10) NOT NULL,
    NGAYHD DATE NOT NULL,
    TONGTIEN DECIMAL(18,0) NOT NULL,
    CONSTRAINT FK_HOADON_MAKH FOREIGN KEY (MAKH) REFERENCES KHACHHANG(MAKH)
);

CREATE TABLE CHITIETHD (
	MASP VARCHAR(10),
    MAHD VARCHAR(10),
    SOLUONGSP INT NOT NULL,
    DONGIA DECIMAL(18,0) NOT NULL, -- Đơn giá của từng món
    CONSTRAINT FK_CHITIETHD_MASP FOREIGN KEY (MASP) REFERENCES SANPHAM(MASP),
    CONSTRAINT FK_CHITIETHD_MAHD FOREIGN KEY (MAHD) REFERENCES HOADON(MAHD)
);

SET DATEFORMAT DMY
-- Nhập dữ liệu 
INSERT INTO NHACC (MANCC, TENNCC, DIACHINCC, PHONE)
VALUES 
		('NCC001', N'Công ty TNHH Nước Giải Khát', N'Bình Dương', '30137752'),
		('NCC002', N'Công ty TNHH Thực Phẩm', N'TPHCM', '985331366'),
		('NCC003', N'Công Ty TNHH Hàng Tiêu Dùng', N'TPHCM', '901892899');

INSERT INTO SANPHAM (MASP, TENSP, GIA, SOLUONG, MANCC) 
VALUES
		('SP001', N'Fanta cam', 7000, 50, 'NCC001'),
		('SP002', N'Sting đỏ', 10000, 100, 'NCC001'),
		('SP003', N'Sting vàng', 10000, 100, 'NCC001'),
		('SP004', N'Cocacola', 9000, 150, 'NCC001'),
		('SP005', N'Pepsi', 8000, 100, 'NCC001'),
		('SP006', N'Trà ô long TeaPlus', 12000, 80, 'NCC001'),
		('SP007', N'Redbull', 15000, 50, 'NCC001'),
		('SP008', N'Nutriboost', 11000, 80, 'NCC001'),
		('SP009', N'Revive', 12000, 120, 'NCC001'),
		('SP010', N'Warrior', 8000, 100, 'NCC001'),
		('SP011', N'Trứng gà', 32000, 200, 'NCC002'),
		('SP012', N'Trứng vịt', 36000, 200, 'NCC002'),
		('SP013', N'Mì gói', 5000, 300, 'NCC002'),
		('SP014', N'Xúc Xích', 24000, 200, 'NCC002'),
		('SP015', N'Bánh Snack', 6000, 200, 'NCC002'),
		('SP016', N'Sữa chua', 30000, 100, 'NCC002'),
		('SP017', N'Sữa đóng hộp', 30000, 100, 'NCC002'),
		('SP018', N'Kẹo', 25000, 100, 'NCC002'),
		('SP019', N'Kem', 59000, 150, 'NCC002'),
		('SP020', N'Bộ dao 6 cái', 200000, 50, 'NCC003'),
		('SP021', N'Bộ nồi inox', 800000, 20, 'NCC003'),
		('SP022', N'Thùng rác', 150000, 100, 'NCC003'),
		('SP023', N'Bộ chén dĩa', 90000, 30, 'NCC003'),
		('SP024', N'Túi đựng', 50000, 20, 'NCC003'),
		('SP025', N'Màng bọc thực phẩm', 250000, 50, 'NCC003'),
		('SP026', N'Thau nhựa', 130000, 80, 'NCC003'),
		('SP027', N'Bình nước', 90000, 50, 'NCC003'),
		('SP028', N'Chảo chống dính', 410000, 30, 'NCC003');


INSERT INTO KHACHHANG(MAKH, TENKH, DIACHIKH, PHONE)
VALUES	('KH001', N'Phạm Hồ Đăng Huy', N'TP.HCM', '779139003'),
		('KH002', N'Nguyễn Hoàng Thái Kỳ', N'Phú Yên', '987654321'),
		('KH003', N'Nguyễn Thanh Sáng', N'TP.HCM', '912345678'),
		('KH004', N'Trần Tiến Danh', N'TP.HCM', '912984932'),
		('KH005', N'Nguyễn Văn Nam', N'Tây Ninh', '989751723'),
		('KH006', N'Nguyễn Kim Anh', N'TP.HCM', '912345654'),
		('KH007', N'Nguyễn Thị Châu', N'Vũng Tàu', '978123765'),
		('KH008', N'Trần Văn Út', N'Hà Nội', '909456768'),
		('KH009', N'Trần Lệ Quyên', N'Hà Nội', '932987567'),
		('KH010', N'Bùi Đức Chí', N'TP.HCM', '989123456')

INSERT INTO HOADON(MAHD, MAKH, NGAYHD, TONGTIEN)
VALUES ('HD001', 'KH001', '2023-04-21', 331000),
       ('HD002', 'KH002', '2023-04-21', 730000),
       ('HD003', 'KH003', '2023-04-22', 3184000),
       ('HD004', 'KH002', '2023-04-23', 526000),
       ('HD005', 'KH001', '2023-04-23', 3467000);


INSERT INTO CHITIETHD(MASP, MAHD, SOLUONGSP, DONGIA)
VALUES
		((SELECT MASP FROM SANPHAM WHERE MASP = 'SP001'), (SELECT MAHD FROM HOADON WHERE MAHD ='HD001'), 3, 21000),
		((SELECT MASP FROM SANPHAM WHERE MASP = 'SP003'), (SELECT MAHD FROM HOADON WHERE MAHD ='HD001'), 10, 100000),
		((SELECT MASP FROM SANPHAM WHERE MASP = 'SP016'), (SELECT MAHD FROM HOADON WHERE MAHD ='HD001'), 7, 210000),
		((SELECT MASP FROM SANPHAM WHERE MASP = 'SP009'), (SELECT MAHD FROM HOADON WHERE MAHD ='HD002'), 6, 72000),
		((SELECT MASP FROM SANPHAM WHERE MASP = 'SP020'), (SELECT MAHD FROM HOADON WHERE MAHD ='HD002'), 3, 600000),
		((SELECT MASP FROM SANPHAM WHERE MASP = 'SP015'), (SELECT MAHD FROM HOADON WHERE MAHD ='HD002'), 3, 18000),
		((SELECT MASP FROM SANPHAM WHERE MASP = 'SP013'), (SELECT MAHD FROM HOADON WHERE MAHD ='HD002'), 8, 40000),
		((SELECT MASP FROM SANPHAM WHERE MASP = 'SP013'), (SELECT MAHD FROM HOADON WHERE MAHD ='HD003'), 4, 20000),
		((SELECT MASP FROM SANPHAM WHERE MASP = 'SP014'), (SELECT MAHD FROM HOADON WHERE MAHD ='HD003'), 6, 144000),
		((SELECT MASP FROM SANPHAM WHERE MASP = 'SP024'), (SELECT MAHD FROM HOADON WHERE MAHD ='HD003'), 5, 250000),
		((SELECT MASP FROM SANPHAM WHERE MASP = 'SP028'), (SELECT MAHD FROM HOADON WHERE MAHD ='HD003'), 5, 2050000),
		((SELECT MASP FROM SANPHAM WHERE MASP = 'SP023'), (SELECT MAHD FROM HOADON WHERE MAHD ='HD003'), 8, 720000),
		((SELECT MASP FROM SANPHAM WHERE MASP = 'SP002'), (SELECT MAHD FROM HOADON WHERE MAHD ='HD004'), 9, 90000),
		((SELECT MASP FROM SANPHAM WHERE MASP = 'SP003'), (SELECT MAHD FROM HOADON WHERE MAHD ='HD004'), 3, 30000),
		((SELECT MASP FROM SANPHAM WHERE MASP = 'SP011'), (SELECT MAHD FROM HOADON WHERE MAHD ='HD004'), 8, 256000),
		((SELECT MASP FROM SANPHAM WHERE MASP = 'SP013'), (SELECT MAHD FROM HOADON WHERE MAHD ='HD004'), 6, 30000),
		((SELECT MASP FROM SANPHAM WHERE MASP = 'SP016'), (SELECT MAHD FROM HOADON WHERE MAHD ='HD004'), 4, 120000),
		((SELECT MASP FROM SANPHAM WHERE MASP = 'SP007'), (SELECT MAHD FROM HOADON WHERE MAHD ='HD004'), 2, 30000),
		((SELECT MASP FROM SANPHAM WHERE MASP = 'SP008'), (SELECT MAHD FROM HOADON WHERE MAHD ='HD004'), 9, 99000),
		((SELECT MASP FROM SANPHAM WHERE MASP = 'SP018'), (SELECT MAHD FROM HOADON WHERE MAHD ='HD005'), 5, 125000),
		((SELECT MASP FROM SANPHAM WHERE MASP = 'SP019'), (SELECT MAHD FROM HOADON WHERE MAHD ='HD005'), 7, 413000),
		((SELECT MASP FROM SANPHAM WHERE MASP = 'SP021'), (SELECT MAHD FROM HOADON WHERE MAHD ='HD005'), 2, 1600000),
		((SELECT MASP FROM SANPHAM WHERE MASP = 'SP012'), (SELECT MAHD FROM HOADON WHERE MAHD ='HD005'), 8, 1200000);
-- Xem bảng
		SELECT * FROM NHACC
		SELECT * FROM KHACHHANG
		SELECT * FROM SANPHAM
		SELECT * FROM HOADON
		SELECT * FROM CHITIETHD
--In ra danh sách các sản phẩm (MASP,TENSP) do Công ty TNHH Nước Giải Khát cung cấp
SELECT MASP, TENSP
FROM SANPHAM
WHERE MANCC IN (
    SELECT MANCC
    FROM NHACC
    WHERE TENNCC = N'Công ty TNHH Nước Giải Khát'
);
SELECT MASP,TENSP FROM SANPHAM WHERE MANCC = 'NCC001'
--In ra danh sách các sản phẩm (MASP, TENSP) có số lượng lớn hơn 100
SELECT MASP, TENSP
FROM SANPHAM
WHERE SOLUONG > 100;
--Tìm các số hóa đơn đã mua sản phẩm có mã số “SP001” hoặc “SP002"
SELECT MAHD FROM CHITIETHD 
WHERE MASP IN('SP001','SP002')
-- In ra danh sách các sản phẩm (MASP, TENSP) của Công ty TNHH Nước Giải Khát có giá 10000 đến 15000 
SELECT * FROM SANPHAM
SELECT MASP, TENSP, MANCC
FROM SANPHAM
WHERE MANCC IN(SELECT MANCC
    FROM NHACC
    WHERE TENNCC = N'Công ty TNHH Nước Giải Khát') AND GIA BETWEEN 10000 AND 15000
--In ra danh sách các sản phẩm (MASP,TENSP) có mã sản phẩm bắt đầu là “SP” và kết thúc là “01”.
SELECT MASP, TENSP
FROM SANPHAM
WHERE MASP LIKE'SP%01'
-- Lồng Phân Cấp

--In ra danh sách các sản phẩm (MASP, TENSP) có giá bán bằng 1 trong 3 mức giá cao nhất.
SELECT MASP, TENSP
FROM SANPHAM
WHERE GIA IN (SELECT DISTINCT TOP 3 GIA
			  FROM SANPHAM
			  ORDER BY GIA DESC)
--In ra 2 khách hàng có tổng tiền hóa đơn cao nhất
SELECT TOP 2 TENKH, TONGTIEN
FROM KHACHHANG
JOIN HOADON ON KHACHHANG.MAKH = HOADON.MAKH
ORDER BY HOADON.TONGTIEN DESC

--Tìm khách hàng (MAKH, HOTEN) có số lần mua hàng nhiều nhất. 
SELECT * FROM HOADON 
SELECT * FROM KHACHHANG
SELECT MAKH, TENKH
FROM KHACHHANG	
WHERE MAKH = (SELECT TOP 1 MAKH FROM HOADON GROUP BY MAKH 
								ORDER BY COUNT(DISTINCT MAHD) DESC)
--Mỗi nhà cung cấp, tìm sản phẩm (MASP,TENSP) có giá bán cao nhất.
SELECT NHACC.TENNCC, SANPHAM.MASP, SANPHAM.TENSP, SANPHAM.GIA
FROM NHACC
JOIN SANPHAM ON NHACC.MANCC = SANPHAM.MANCC
WHERE SANPHAM.GIA = (
  SELECT MAX(GIA)
  FROM SANPHAM
  WHERE MANCC = NHACC.MANCC
);
--Liệt kê tên các sản phẩm được bán trong từng hóa đơn
SELECT HOADON.MAHD, CHITIETHD.MASP,SP.TENSP
FROM HOADON
INNER JOIN CHITIETHD ON HOADON.MAHD = CHITIETHD.MAHD
JOIN SANPHAM SP ON SP.MASP = CHITIETHD.MASP
ORDER BY HOADON.MAHD;

SELECT HD.MAHD, SP.TENSP, CTHD.SOLUONGSP
FROM HOADON HD
JOIN CHITIETHD CTHD ON HD.MAHD = CTHD.MAHD
JOIN SANPHAM SP ON SP.MASP = CTHD.MASP
ORDER BY HD.MAHD ASC;


